linear,20,1000000,0.049858
binomial,20,1000000,0.051253
binary,20,1000000,0.014170
native,20,1000000,0.020944
linear,80,1000000,0.070303
binomial,80,1000000,0.087511
binary,80,1000000,0.045828
native,80,1000000,0.012883
linear,160,1000000,0.106465
binomial,160,1000000,0.134854
binary,160,1000000,0.062433
native,160,1000000,0.022064
linear,320,1000000,0.167394
binomial,320,1000000,0.195998
binary,320,1000000,0.115222
native,320,1000000,0.056027
linear,500,1000000,0.223260
binomial,500,1000000,0.245999
binary,500,1000000,0.101141
native,500,1000000,0.035009
linear,576,1000000,0.269283
binomial,576,1000000,0.276307
binary,576,1000000,0.121733
native,576,1000000,0.077336
linear,20,1048576,0.050211
binomial,20,1048576,0.051993
binary,20,1048576,0.015090
native,20,1048576,0.023215
linear,80,1048576,0.072130
binomial,80,1048576,0.091354
binary,80,1048576,0.042078
native,80,1048576,0.015427
linear,160,1048576,0.106517
binomial,160,1048576,0.124645
binary,160,1048576,0.072880
native,160,1048576,0.016481
linear,320,1048576,0.161667
binomial,320,1048576,0.202745
binary,320,1048576,0.089090
native,320,1048576,0.194868
linear,500,1048576,0.235796
binomial,500,1048576,0.261275
binary,500,1048576,0.105564
native,500,1048576,0.036452
linear,576,1048576,0.263173
binomial,576,1048576,0.281344
binary,576,1048576,0.125203
native,576,1048576,0.414133
linear,20,4000000,0.060493
binomial,20,4000000,0.061101
binary,20,4000000,0.045777
native,20,4000000,0.033168
linear,80,4000000,0.090761
binomial,80,4000000,0.136540
binary,80,4000000,0.099942
native,80,4000000,0.034434
linear,160,4000000,0.131071
binomial,160,4000000,0.184068
binary,160,4000000,0.178952
native,160,4000000,0.047368
linear,320,4000000,0.235805
binomial,320,4000000,0.283471
binary,320,4000000,0.225235
native,320,4000000,0.122336
linear,500,4000000,0.310708
binomial,500,4000000,0.313891
binary,500,4000000,0.287935
native,500,4000000,0.073635
linear,576,4000000,0.300675
binomial,576,4000000,0.363975
binary,576,4000000,0.337133
native,576,4000000,0.089967
linear,20,4194304,0.060097
binomial,20,4194304,0.059366
binary,20,4194304,0.041030
native,20,4194304,0.028123
linear,80,4194304,0.096576
binomial,80,4194304,0.137550
binary,80,4194304,0.107899
native,80,4194304,0.037289
linear,160,4194304,0.132498
binomial,160,4194304,0.189354
binary,160,4194304,0.174019
native,160,4194304,0.052692
linear,320,4194304,0.207364
binomial,320,4194304,0.277923
binary,320,4194304,0.228971
native,320,4194304,0.207818
linear,500,4194304,0.258589
binomial,500,4194304,0.354064
binary,500,4194304,0.306719
native,500,4194304,0.077512
linear,576,4194304,0.282319
binomial,576,4194304,0.354666
binary,576,4194304,0.341117
native,576,4194304,0.103346
linear,20,5000000,0.064457
binomial,20,5000000,0.065102
binary,20,5000000,0.047369
native,20,5000000,0.030758
linear,80,5000000,0.096131
binomial,80,5000000,0.143865
binary,80,5000000,0.115023
native,80,5000000,0.039145
linear,160,5000000,0.136955
binomial,160,5000000,0.216955
binary,160,5000000,0.315552
native,160,5000000,0.063361
linear,320,5000000,0.369199
binomial,320,5000000,0.223951
binary,320,5000000,0.266971
native,320,5000000,0.166578
linear,500,5000000,0.349947
binomial,500,5000000,0.367611
binary,500,5000000,0.357705
native,500,5000000,0.084362
linear,576,5000000,0.296578
binomial,576,5000000,0.409293
binary,576,5000000,0.410205
native,576,5000000,0.143501
linear,20,16777216,0.130068
binomial,20,16777216,0.166447
binary,20,16777216,0.142278
native,20,16777216,0.045800
linear,80,16777216,0.188393
binomial,80,16777216,0.350197
binary,80,16777216,0.361699
native,80,16777216,0.161327
linear,160,16777216,0.277057
binomial,160,16777216,0.484907
binary,160,16777216,0.619576
native,160,16777216,0.173543
linear,320,16777216,0.342829
binomial,320,16777216,0.639975
binary,320,16777216,1.164281
native,320,16777216,0.481016
linear,500,16777216,0.422261
binomial,500,16777216,0.677202
binary,500,16777216,1.144347
native,500,16777216,0.261615
linear,576,16777216,0.485823
binomial,576,16777216,0.737005
binary,576,16777216,1.269657
native,576,16777216,0.266825
linear,20,40000000,0.238632
binomial,20,40000000,0.373039
binary,20,40000000,0.333498
native,20,40000000,0.087993
linear,80,40000000,0.350079
binomial,80,40000000,0.723873
binary,80,40000000,0.801897
native,80,40000000,0.343615
linear,160,40000000,0.464881
binomial,160,40000000,0.995761
binary,160,40000000,1.285904
native,160,40000000,0.471052
linear,320,40000000,0.646539
binomial,320,40000000,1.341727
binary,320,40000000,2.620199
native,320,40000000,0.819302
linear,500,40000000,0.749267
binomial,500,40000000,1.404930
binary,500,40000000,2.703291
native,500,40000000,0.565731
linear,576,40000000,0.842931
binomial,576,40000000,1.765032
binary,576,40000000,3.081951
native,576,40000000,0.623030
linear,20,67108864,0.411509
binomial,20,67108864,0.808361
binary,20,67108864,0.747024
native,20,67108864,0.166924
linear,80,67108864,0.587386
binomial,80,67108864,1.116452
binary,80,67108864,1.249369
native,80,67108864,0.598591
linear,160,67108864,0.696583
binomial,160,67108864,1.473044
binary,160,67108864,2.127272
native,160,67108864,0.715524
linear,320,67108864,0.966094
binomial,320,67108864,1.970425
binary,320,67108864,4.181750
native,320,67108864,0.928495
linear,500,67108864,1.127042
binomial,500,67108864,1.923221
binary,500,67108864,4.237926
native,500,67108864,0.961681
linear,576,67108864,1.144247
binomial,576,67108864,2.392645
binary,576,67108864,4.836280
native,576,67108864,0.997233
linear,20,111111111,0.631637
binomial,20,111111111,1.001613
binary,20,111111111,0.919742
native,20,111111111,0.210347
linear,80,111111111,0.970016
binomial,80,111111111,1.945976
binary,80,111111111,2.316830
native,80,111111111,1.050634
linear,160,111111111,1.151112
binomial,160,111111111,2.386335
binary,160,111111111,3.495295
native,160,111111111,1.232045
linear,320,111111111,1.598876
binomial,320,111111111,2.823902
binary,320,111111111,9.199943
native,320,111111111,1.761193
linear,500,111111111,1.765130
binomial,500,111111111,3.376377
binary,500,111111111,7.719722
native,500,111111111,1.705563
linear,576,111111111,1.976635
binomial,576,111111111,4.198154
binary,576,111111111,8.743730
native,576,111111111,2.008320
linear,20,268435456,1.662470
binomial,20,268435456,3.209268
binary,20,268435456,2.973416
native,20,268435456,0.611463
linear,80,268435456,2.443918
binomial,80,268435456,4.528820
binary,80,268435456,6.164652
native,80,268435456,2.559258
linear,160,268435456,2.533491
binomial,160,268435456,5.614796
binary,160,268435456,8.239238
native,160,268435456,2.774105
linear,320,268435456,3.352758
binomial,320,268435456,6.427839
binary,320,268435456,20.147136
native,320,268435456,3.565995
linear,500,268435456,3.662173
binomial,500,268435456,8.792040
binary,500,268435456,18.947902
native,500,268435456,4.008982
linear,576,268435456,4.231297
binomial,576,268435456,9.300022
binary,576,268435456,21.361008
native,576,268435456,4.533795
linear,20,1000000,0.050223
binomial,20,1000000,0.051810
binary,20,1000000,0.013386
native,20,1000000,0.022254
linear,80,1000000,0.068545
binomial,80,1000000,0.088017
binary,80,1000000,0.040217
native,80,1000000,0.014115
linear,160,1000000,0.109296
binomial,160,1000000,0.129343
binary,160,1000000,0.060917
native,160,1000000,0.022766
linear,320,1000000,0.205128
binomial,320,1000000,0.235056
binary,320,1000000,0.087897
native,320,1000000,0.125365
linear,500,1000000,0.315609
binomial,500,1000000,0.219851
binary,500,1000000,0.103122
native,500,1000000,0.050099
linear,576,1000000,0.268636
binomial,576,1000000,0.282878
binary,576,1000000,0.110659
native,576,1000000,0.404642
linear,20,1048576,0.049682
binomial,20,1048576,0.052239
binary,20,1048576,0.013904
native,20,1048576,0.019956
linear,80,1048576,0.070761
binomial,80,1048576,0.090295
binary,80,1048576,0.042001
native,80,1048576,0.017440
linear,160,1048576,0.103662
binomial,160,1048576,0.123032
binary,160,1048576,0.079516
native,160,1048576,0.087100
linear,320,1048576,0.169019
binomial,320,1048576,0.204720
binary,320,1048576,0.082151
native,320,1048576,0.034425
linear,500,1048576,0.225097
binomial,500,1048576,0.254117
binary,500,1048576,0.096592
native,500,1048576,0.051087
linear,576,1048576,0.254670
binomial,576,1048576,0.278195
binary,576,1048576,0.116756
native,576,1048576,0.058116
linear,20,4000000,0.059462
binomial,20,4000000,0.061356
binary,20,4000000,0.042486
native,20,4000000,0.036819
linear,80,4000000,0.091711
binomial,80,4000000,0.137341
binary,80,4000000,0.091090
native,80,4000000,0.036419
linear,160,4000000,0.138083
binomial,160,4000000,0.187588
binary,160,4000000,0.154176
native,160,4000000,0.169634
linear,320,4000000,0.206022
binomial,320,4000000,0.272139
binary,320,4000000,0.297322
native,320,4000000,0.209217
linear,500,4000000,0.255549
binomial,500,4000000,0.338292
binary,500,4000000,0.295634
native,500,4000000,0.069167
linear,576,4000000,0.310673
binomial,576,4000000,0.357814
binary,576,4000000,0.317102
native,576,4000000,0.120695
linear,20,4194304,0.060468
binomial,20,4194304,0.059516
binary,20,4194304,0.034849
native,20,4194304,0.026395
linear,80,4194304,0.094573
binomial,80,4194304,0.127575
binary,80,4194304,0.094688
native,80,4194304,0.041130
linear,160,4194304,0.132394
binomial,160,4194304,0.186557
binary,160,4194304,0.265588
native,160,4194304,0.084840
linear,320,4194304,0.208735
binomial,320,4194304,0.269360
binary,320,4194304,0.291489
native,320,4194304,0.069883
linear,500,4194304,0.290645
binomial,500,4194304,0.367894
binary,500,4194304,0.297115
native,500,4194304,0.130424
linear,576,4194304,0.353246
binomial,576,4194304,0.345721
binary,576,4194304,0.325356
native,576,4194304,0.099826
linear,20,5000000,0.065572
binomial,20,5000000,0.077961
binary,20,5000000,0.055018
native,20,5000000,0.031330
linear,80,5000000,0.101133
binomial,80,5000000,0.142013
binary,80,5000000,0.102720
native,80,5000000,0.042033
linear,160,5000000,0.137930
binomial,160,5000000,0.209929
binary,160,5000000,0.309212
native,160,5000000,0.060671
linear,320,5000000,0.268151
binomial,320,5000000,0.363287
binary,320,5000000,0.257323
native,320,5000000,0.366591
linear,500,5000000,0.295042
binomial,500,5000000,0.376226
binary,500,5000000,0.359887
native,500,5000000,0.106405
linear,576,5000000,0.306724
binomial,576,5000000,0.418844
binary,576,5000000,0.391960
native,576,5000000,0.113795
linear,20,16777216,0.136453
binomial,20,16777216,0.212536
binary,20,16777216,0.172594
native,20,16777216,0.055475
linear,80,16777216,0.184366
binomial,80,16777216,0.345553
binary,80,16777216,0.337513
native,80,16777216,0.157882
linear,160,16777216,0.241111
binomial,160,16777216,0.452121
binary,160,16777216,0.517098
native,160,16777216,0.183338
linear,320,16777216,0.512401
binomial,320,16777216,0.815403
binary,320,16777216,0.795224
native,320,16777216,0.763853
linear,500,16777216,0.448126
binomial,500,16777216,0.754915
binary,500,16777216,1.086790
native,500,16777216,0.260779
linear,576,16777216,0.518312
binomial,576,16777216,0.817026
binary,576,16777216,1.302686
native,576,16777216,0.272041
linear,20,40000000,0.240919
binomial,20,40000000,0.373761
binary,20,40000000,0.277191
native,20,40000000,0.087980
linear,80,40000000,0.374773
binomial,80,40000000,0.695039
binary,80,40000000,0.703966
native,80,40000000,0.341123
linear,160,40000000,0.451046
binomial,160,40000000,0.840572
binary,160,40000000,1.087719
native,160,40000000,0.414414
linear,320,40000000,0.704245
binomial,320,40000000,1.148447
binary,320,40000000,2.341177
native,320,40000000,0.526486
linear,500,40000000,0.729327
binomial,500,40000000,1.621538
binary,500,40000000,2.738252
native,500,40000000,0.623487
linear,576,40000000,0.848783
binomial,576,40000000,1.779037
binary,576,40000000,2.986739
native,576,40000000,0.583770
linear,20,67108864,0.386251
binomial,20,67108864,0.623400
binary,20,67108864,0.465023
native,20,67108864,0.136948
linear,80,67108864,0.585980
binomial,80,67108864,1.281077
binary,80,67108864,1.277492
native,80,67108864,0.635040
linear,160,67108864,0.941737
binomial,160,67108864,1.546773
binary,160,67108864,2.011949
native,160,67108864,0.786344
linear,320,67108864,1.078685
binomial,320,67108864,2.011679
binary,320,67108864,3.588100
native,320,67108864,1.381844
linear,500,67108864,1.133754
binomial,500,67108864,2.303641
binary,500,67108864,4.204114
native,500,67108864,0.954973
linear,576,67108864,1.072563
binomial,576,67108864,2.386215
binary,576,67108864,4.891215
native,576,67108864,1.094112
linear,20,111111111,0.633409
binomial,20,111111111,1.001811
binary,20,111111111,0.761121
native,20,111111111,0.209015
linear,80,111111111,0.964102
binomial,80,111111111,2.025925
binary,80,111111111,2.282293
native,80,111111111,1.073118
linear,160,111111111,1.332885
binomial,160,111111111,2.429866
binary,160,111111111,3.126384
native,160,111111111,1.135240
linear,320,111111111,1.380802
binomial,320,111111111,2.817165
binary,320,111111111,7.495247
native,320,111111111,2.262371
linear,500,111111111,1.741693
binomial,500,111111111,3.511103
binary,500,111111111,7.318962
native,500,111111111,1.525094
linear,576,111111111,2.192698
binomial,576,111111111,3.737389
binary,576,111111111,8.279201
native,576,111111111,1.576023
linear,20,268435456,1.522620
binomial,20,268435456,2.467903
binary,20,268435456,1.862092
native,20,268435456,0.480913
linear,80,268435456,2.324893
binomial,80,268435456,5.035206
binary,80,268435456,5.593688
native,80,268435456,2.696684
linear,160,268435456,2.754793
binomial,160,268435456,5.487254
binary,160,268435456,7.103949
native,160,268435456,3.029851
linear,320,268435456,3.256904
binomial,320,268435456,6.762252
binary,320,268435456,18.601602
native,320,268435456,3.683631
linear,500,268435456,3.748853
binomial,500,268435456,8.707654
binary,500,268435456,18.790201
native,500,268435456,4.592044
linear,576,268435456,3.872838
binomial,576,268435456,9.055214
binary,576,268435456,20.805806
native,576,268435456,4.902285
linear,20,1000000,0.049595
binomial,20,1000000,0.048434
binary,20,1000000,0.011376
native,20,1000000,0.022673
linear,80,1000000,0.069419
binomial,80,1000000,0.085929
binary,80,1000000,0.042538
native,80,1000000,0.013997
linear,160,1000000,0.104319
binomial,160,1000000,0.124950
binary,160,1000000,0.060124
native,160,1000000,0.024246
linear,320,1000000,0.169905
binomial,320,1000000,0.194472
binary,320,1000000,0.077956
native,320,1000000,0.033514
linear,500,1000000,0.223100
binomial,500,1000000,0.253806
binary,500,1000000,0.107258
native,500,1000000,0.055820
linear,576,1000000,0.237328
binomial,576,1000000,0.267615
binary,576,1000000,0.110580
native,576,1000000,0.165513
linear,20,1048576,0.049912
binomial,20,1048576,0.048551
binary,20,1048576,0.011707
native,20,1048576,0.019086
linear,80,1048576,0.067110
binomial,80,1048576,0.085596
binary,80,1048576,0.039566
native,80,1048576,0.017001
linear,160,1048576,0.107897
binomial,160,1048576,0.125244
binary,160,1048576,0.059075
native,160,1048576,0.025445
linear,320,1048576,0.161682
binomial,320,1048576,0.199987
binary,320,1048576,0.087439
native,320,1048576,0.056400
linear,500,1048576,0.250379
binomial,500,1048576,0.256577
binary,500,1048576,0.098100
native,500,1048576,0.047057
linear,576,1048576,0.258910
binomial,576,1048576,0.292769
binary,576,1048576,0.112746
native,576,1048576,0.231810
linear,20,4000000,0.059680
binomial,20,4000000,0.050884
binary,20,4000000,0.030665
native,20,4000000,0.038766
linear,80,4000000,0.098768
binomial,80,4000000,0.136738
binary,80,4000000,0.091212
native,80,4000000,0.033575
linear,160,4000000,0.143632
binomial,160,4000000,0.191387
binary,160,4000000,0.203126
native,160,4000000,0.061008
linear,320,4000000,0.201991
binomial,320,4000000,0.256825
binary,320,4000000,0.195022
native,320,4000000,0.256868
linear,500,4000000,0.297712
binomial,500,4000000,0.357451
binary,500,4000000,0.274734
native,500,4000000,0.087571
linear,576,4000000,0.331949
binomial,576,4000000,0.326403
binary,576,4000000,0.384769
native,576,4000000,0.183100
linear,20,4194304,0.059910
binomial,20,4194304,0.059543
binary,20,4194304,0.034814
native,20,4194304,0.025845
linear,80,4194304,0.092106
binomial,80,4194304,0.134007
binary,80,4194304,0.095905
native,80,4194304,0.042351
linear,160,4194304,0.135217
binomial,160,4194304,0.186094
binary,160,4194304,0.144275
native,160,4194304,0.051656
linear,320,4194304,0.206515
binomial,320,4194304,0.278364
binary,320,4194304,0.214690
native,320,4194304,0.138596
linear,500,4194304,0.254400
binomial,500,4194304,0.329849
binary,500,4194304,0.294691
native,500,4194304,0.090829
linear,576,4194304,0.279987
binomial,576,4194304,0.374097
binary,576,4194304,0.343393
native,576,4194304,0.127618
linear,20,5000000,0.064906
binomial,20,5000000,0.065087
binary,20,5000000,0.040431
native,20,5000000,0.029060
linear,80,5000000,0.101560
binomial,80,5000000,0.158400
binary,80,5000000,0.113753
native,80,5000000,0.046538
linear,160,5000000,0.134083
binomial,160,5000000,0.175379
binary,160,5000000,0.175191
native,160,5000000,0.065530
linear,320,5000000,0.220798
binomial,320,5000000,0.321693
binary,320,5000000,0.254141
native,320,5000000,0.087069
linear,500,5000000,0.271306
binomial,500,5000000,0.376187
binary,500,5000000,0.335236
native,500,5000000,0.099449
linear,576,5000000,0.319366
binomial,576,5000000,0.421332
binary,576,5000000,0.403605
native,576,5000000,0.261168
linear,20,16777216,0.130002
binomial,20,16777216,0.166591
binary,20,16777216,0.118928
native,20,16777216,0.048635
linear,80,16777216,0.190993
binomial,80,16777216,0.321904
binary,80,16777216,0.323637
native,80,16777216,0.157472
linear,160,16777216,0.230856
binomial,160,16777216,0.446381
binary,160,16777216,0.490471
native,160,16777216,0.179071
linear,320,16777216,0.405113
binomial,320,16777216,0.637582
binary,320,16777216,0.993686
native,320,16777216,0.521768
linear,500,16777216,0.448331
binomial,500,16777216,0.720704
binary,500,16777216,1.076217
native,500,16777216,0.248697
linear,576,16777216,0.483226
binomial,576,16777216,0.851713
binary,576,16777216,1.248220
native,576,16777216,0.280707
linear,20,40000000,0.257699
binomial,20,40000000,0.483843
binary,20,40000000,0.407117
native,20,40000000,0.103736
linear,80,40000000,0.387347
binomial,80,40000000,0.700547
binary,80,40000000,0.701937
native,80,40000000,0.348456
linear,160,40000000,0.477953
binomial,160,40000000,0.936106
binary,160,40000000,1.212753
native,160,40000000,0.425678
linear,320,40000000,0.764695
binomial,320,40000000,1.422505
binary,320,40000000,2.540193
native,320,40000000,1.016437
linear,500,40000000,0.689223
binomial,500,40000000,1.299161
binary,500,40000000,2.533728
native,500,40000000,0.596862
linear,576,40000000,0.804476
binomial,576,40000000,1.636300
binary,576,40000000,3.056583
native,576,40000000,0.593911
linear,20,67108864,0.415605
binomial,20,67108864,0.808126
binary,20,67108864,0.683639
native,20,67108864,0.165264
linear,80,67108864,0.590994
binomial,80,67108864,1.219255
binary,80,67108864,1.246366
native,80,67108864,0.635461
linear,160,67108864,0.694763
binomial,160,67108864,1.463999
binary,160,67108864,1.979062
native,160,67108864,0.797264
linear,320,67108864,0.909889
binomial,320,67108864,1.840744
binary,320,67108864,3.627824
native,320,67108864,0.828446
linear,500,67108864,1.130537
binomial,500,67108864,2.076931
binary,500,67108864,4.335766
native,500,67108864,0.895633
linear,576,67108864,1.131860
binomial,576,67108864,2.404734
binary,576,67108864,4.789941
native,576,67108864,1.052782
linear,20,111111111,0.632726
binomial,20,111111111,1.001621
binary,20,111111111,0.761400
native,20,111111111,0.209840
linear,80,111111111,0.936033
binomial,80,111111111,2.027542
binary,80,111111111,2.279391
native,80,111111111,1.069038
linear,160,111111111,1.324840
binomial,160,111111111,2.654268
binary,160,111111111,3.402007
native,160,111111111,1.268506
linear,320,111111111,1.560838
binomial,320,111111111,3.193087
binary,320,111111111,7.188063
native,320,111111111,1.569573
linear,500,111111111,1.765955
binomial,500,111111111,3.411215
binary,500,111111111,7.395030
native,500,111111111,1.642232
linear,576,111111111,1.912696
binomial,576,111111111,3.770109
binary,576,111111111,8.331444
native,576,111111111,1.715206
linear,20,268435456,1.525955
binomial,20,268435456,2.467679
binary,20,268435456,1.864573
native,20,268435456,0.481944
linear,80,268435456,2.415584
binomial,80,268435456,4.899000
binary,80,268435456,5.608210
native,80,268435456,2.672993
linear,160,268435456,2.670973
binomial,160,268435456,5.697114
binary,160,268435456,7.825065
native,160,268435456,2.879362
linear,320,268435456,3.444534
binomial,320,268435456,6.778463
binary,320,268435456,18.760592
native,320,268435456,3.521857
linear,500,268435456,3.785757
binomial,500,268435456,8.553969
binary,500,268435456,18.532738
native,500,268435456,4.325616
linear,576,268435456,3.715389
binomial,576,268435456,8.768949
binary,576,268435456,19.903276
native,576,268435456,4.505651
linear,20,1000000,0.049672
binomial,20,1000000,0.048996
binary,20,1000000,0.011437
native,20,1000000,0.022499
linear,80,1000000,0.075706
binomial,80,1000000,0.093606
binary,80,1000000,0.039880
native,80,1000000,0.013770
linear,160,1000000,0.106352
binomial,160,1000000,0.123109
binary,160,1000000,0.067133
native,160,1000000,0.248739
linear,320,1000000,0.168735
binomial,320,1000000,0.197357
binary,320,1000000,0.078632
native,320,1000000,0.119219
linear,500,1000000,0.237129
binomial,500,1000000,0.256673
binary,500,1000000,0.098951
native,500,1000000,0.044990
linear,576,1000000,0.246489
binomial,576,1000000,0.278770
binary,576,1000000,0.115330
native,576,1000000,0.091316
linear,20,1048576,0.049848
binomial,20,1048576,0.051994
binary,20,1048576,0.013912
native,20,1048576,0.025092
linear,80,1048576,0.072182
binomial,80,1048576,0.087796
binary,80,1048576,0.040641
native,80,1048576,0.017491
linear,160,1048576,0.106483
binomial,160,1048576,0.126284
binary,160,1048576,0.117056
native,160,1048576,0.081228
linear,320,1048576,0.178089
binomial,320,1048576,0.213410
binary,320,1048576,0.080199
native,320,1048576,0.237128
linear,500,1048576,0.250710
binomial,500,1048576,0.280771
binary,500,1048576,0.100735
native,500,1048576,0.046529
linear,576,1048576,0.258525
binomial,576,1048576,0.290464
binary,576,1048576,0.116369
native,576,1048576,0.062359
linear,20,4000000,0.060362
binomial,20,4000000,0.061433
binary,20,4000000,0.042352
native,20,4000000,0.037825
linear,80,4000000,0.091424
binomial,80,4000000,0.136646
binary,80,4000000,0.095742
native,80,4000000,0.035594
linear,160,4000000,0.130428
binomial,160,4000000,0.188284
binary,160,4000000,0.127226
native,160,4000000,0.048837
linear,320,4000000,0.216258
binomial,320,4000000,0.294932
binary,320,4000000,0.211613
native,320,4000000,0.208216
linear,500,4000000,0.252016
binomial,500,4000000,0.348779
binary,500,4000000,0.288296
native,500,4000000,0.081819
linear,576,4000000,0.279988
binomial,576,4000000,0.377828
binary,576,4000000,0.334239
native,576,4000000,0.088641
linear,20,4194304,0.061846
binomial,20,4194304,0.070462
binary,20,4194304,0.046977
native,20,4194304,0.028855
linear,80,4194304,0.095113
binomial,80,4194304,0.132581
binary,80,4194304,0.090496
native,80,4194304,0.039623
linear,160,4194304,0.131535
binomial,160,4194304,0.175055
binary,160,4194304,0.137696
native,160,4194304,0.055167
linear,320,4194304,0.263867
binomial,320,4194304,0.299692
binary,320,4194304,0.243372
native,320,4194304,0.186268
linear,500,4194304,0.590206
binomial,500,4194304,0.336689
binary,500,4194304,0.295705
native,500,4194304,0.084235
linear,576,4194304,0.313593
binomial,576,4194304,0.360431
binary,576,4194304,0.342214
native,576,4194304,0.097747
linear,20,5000000,0.065640
binomial,20,5000000,0.078105
binary,20,5000000,0.054938
native,20,5000000,0.034565
linear,80,5000000,0.100875
binomial,80,5000000,0.155597
binary,80,5000000,0.110132
native,80,5000000,0.045204
linear,160,5000000,0.147832
binomial,160,5000000,0.208818
binary,160,5000000,0.163740
native,160,5000000,0.063458
linear,320,5000000,0.231277
binomial,320,5000000,0.309291
binary,320,5000000,0.255818
native,320,5000000,0.113165
linear,500,5000000,0.275967
binomial,500,5000000,0.359920
binary,500,5000000,0.346511
native,500,5000000,0.097068
linear,576,5000000,0.326548
binomial,576,5000000,0.386879
binary,576,5000000,0.585722
native,576,5000000,0.114704
linear,20,16777216,0.135522
binomial,20,16777216,0.212615
binary,20,16777216,0.172617
native,20,16777216,0.054877
linear,80,16777216,0.179653
binomial,80,16777216,0.309665
binary,80,16777216,0.285476
native,80,16777216,0.162224
linear,160,16777216,0.276261
binomial,160,16777216,0.524315
binary,160,16777216,0.527220
native,160,16777216,0.185523
linear,320,16777216,0.373124
binomial,320,16777216,0.699639
binary,320,16777216,0.781606
native,320,16777216,0.251622
linear,500,16777216,0.431538
binomial,500,16777216,0.705779
binary,500,16777216,1.064287
native,500,16777216,0.261896
linear,576,16777216,0.453384
binomial,576,16777216,0.794062
binary,576,16777216,1.255583
native,576,16777216,0.317443
linear,20,40000000,0.240367
binomial,20,40000000,0.373193
binary,20,40000000,0.276889
native,20,40000000,0.089229
linear,80,40000000,0.357347
binomial,80,40000000,0.781068
binary,80,40000000,0.724243
native,80,40000000,0.380225
linear,160,40000000,0.466484
binomial,160,40000000,1.000927
binary,160,40000000,1.134730
native,160,40000000,0.408468
linear,320,40000000,0.853527
binomial,320,40000000,1.305734
binary,320,40000000,2.460343
native,320,40000000,1.121575
linear,500,40000000,0.746542
binomial,500,40000000,1.385322
binary,500,40000000,2.648173
native,500,40000000,0.532626
linear,576,40000000,0.787839
binomial,576,40000000,1.506841
binary,576,40000000,2.870932
native,576,40000000,0.593571
linear,20,67108864,0.385916
binomial,20,67108864,0.624683
binary,20,67108864,0.465727
native,20,67108864,0.134648
linear,80,67108864,0.626216
binomial,80,67108864,1.172039
binary,80,67108864,1.188571
native,80,67108864,0.627507
linear,160,67108864,0.710753
binomial,160,67108864,1.499277
binary,160,67108864,2.014072
native,160,67108864,0.706572
linear,320,67108864,0.916767
binomial,320,67108864,1.824058
binary,320,67108864,3.457528
native,320,67108864,1.302323
linear,500,67108864,1.118872
binomial,500,67108864,2.119082
binary,500,67108864,4.247998
native,500,67108864,0.987959
linear,576,67108864,1.545804
binomial,576,67108864,2.289748
binary,576,67108864,4.750228
native,576,67108864,0.905875
linear,20,111111111,0.682779
binomial,20,111111111,1.309961
binary,20,111111111,1.123694
native,20,111111111,0.252901
linear,80,111111111,0.971727
binomial,80,111111111,1.871499
binary,80,111111111,2.234475
native,80,111111111,1.020777
linear,160,111111111,1.187297
binomial,160,111111111,2.397611
binary,160,111111111,3.426154
native,160,111111111,1.257758
linear,320,111111111,1.490727
binomial,320,111111111,3.111729
binary,320,111111111,7.737353
native,320,111111111,1.586127
linear,500,111111111,1.775127
binomial,500,111111111,3.756934
binary,500,111111111,7.501065
native,500,111111111,1.589053
linear,576,111111111,1.860786
binomial,576,111111111,3.825874
binary,576,111111111,8.607212
native,576,111111111,1.734241
linear,20,268435456,1.526451
binomial,20,268435456,2.469992
binary,20,268435456,1.864836
native,20,268435456,0.483715
linear,80,268435456,2.704929
binomial,80,268435456,4.344433
binary,80,268435456,5.343635
native,80,268435456,2.542143
linear,160,268435456,2.816913
binomial,160,268435456,6.014407
binary,160,268435456,7.884404
native,160,268435456,3.129172
linear,320,268435456,3.446718
binomial,320,268435456,6.797123
binary,320,268435456,18.653322
native,320,268435456,3.343480
linear,500,268435456,4.127089
binomial,500,268435456,8.082294
binary,500,268435456,18.774267
native,500,268435456,3.911409
linear,576,268435456,5.154496
binomial,576,268435456,9.333465
binary,576,268435456,20.867385
native,576,268435456,4.179194
linear,20,1000000,0.049243
binomial,20,1000000,0.048873
binary,20,1000000,0.011608
native,20,1000000,0.025366
linear,80,1000000,0.069916
binomial,80,1000000,0.087668
binary,80,1000000,0.041510
native,80,1000000,0.013836
linear,160,1000000,0.105061
binomial,160,1000000,0.123320
binary,160,1000000,0.054697
native,160,1000000,0.024654
linear,320,1000000,0.167710
binomial,320,1000000,0.187574
binary,320,1000000,0.074113
native,320,1000000,0.164300
linear,500,1000000,0.218614
binomial,500,1000000,0.250911
binary,500,1000000,0.097354
native,500,1000000,0.049059
linear,576,1000000,0.241909
binomial,576,1000000,0.269873
binary,576,1000000,0.115822
native,576,1000000,0.101061
linear,20,1048576,0.050362
binomial,20,1048576,0.051941
binary,20,1048576,0.013884
native,20,1048576,0.023746
linear,80,1048576,0.068241
binomial,80,1048576,0.083495
binary,80,1048576,0.037069
native,80,1048576,0.017160
linear,160,1048576,0.105269
binomial,160,1048576,0.122843
binary,160,1048576,0.074372
native,160,1048576,0.017709
linear,320,1048576,0.162045
binomial,320,1048576,0.200490
binary,320,1048576,0.090134
native,320,1048576,0.257727
linear,500,1048576,0.235127
binomial,500,1048576,0.267545
binary,500,1048576,0.098170
native,500,1048576,0.051793
linear,576,1048576,0.249578
binomial,576,1048576,0.275717
binary,576,1048576,0.119640
native,576,1048576,0.135526
linear,20,4000000,0.060091
binomial,20,4000000,0.051384
binary,20,4000000,0.031068
native,20,4000000,0.032190
linear,80,4000000,0.092514
binomial,80,4000000,0.134184
binary,80,4000000,0.087066
native,80,4000000,0.036667
linear,160,4000000,0.138471
binomial,160,4000000,0.185486
binary,160,4000000,0.126249
native,160,4000000,0.049068
linear,320,4000000,0.197539
binomial,320,4000000,0.270560
binary,320,4000000,0.220818
native,320,4000000,0.074224
linear,500,4000000,0.254940
binomial,500,4000000,0.336221
binary,500,4000000,0.294062
native,500,4000000,0.106746
linear,576,4000000,0.290524
binomial,576,4000000,0.395106
binary,576,4000000,0.331060
native,576,4000000,0.084978
linear,20,4194304,0.060572
binomial,20,4194304,0.059766
binary,20,4194304,0.034903
native,20,4194304,0.030492
linear,80,4194304,0.095818
binomial,80,4194304,0.137837
binary,80,4194304,0.104492
native,80,4194304,0.040116
linear,160,4194304,0.134410
binomial,160,4194304,0.194814
binary,160,4194304,0.152992
native,160,4194304,0.164877
linear,320,4194304,0.208936
binomial,320,4194304,0.285680
binary,320,4194304,0.205164
native,320,4194304,0.071781
linear,500,4194304,0.278426
binomial,500,4194304,0.343566
binary,500,4194304,0.301638
native,500,4194304,0.089935
linear,576,4194304,0.308882
binomial,576,4194304,0.381227
binary,576,4194304,0.334208
native,576,4194304,0.090261
linear,20,5000000,0.065145
binomial,20,5000000,0.065317
binary,20,5000000,0.040479
native,20,5000000,0.028433
linear,80,5000000,0.097602
binomial,80,5000000,0.142669
binary,80,5000000,0.108105
native,80,5000000,0.045522
linear,160,5000000,0.154688
binomial,160,5000000,0.216709
binary,160,5000000,0.161917
native,160,5000000,0.086601
linear,320,5000000,0.236953
binomial,320,5000000,0.323722
binary,320,5000000,0.246337
native,320,5000000,0.083935
linear,500,5000000,0.333653
binomial,500,5000000,0.373829
binary,500,5000000,0.360156
native,500,5000000,0.086908
linear,576,5000000,0.296220
binomial,576,5000000,0.396325
binary,576,5000000,0.381018
native,576,5000000,0.116519
linear,20,16777216,0.129537
binomial,20,16777216,0.166790
binary,20,16777216,0.119363
native,20,16777216,0.050897
linear,80,16777216,0.196678
binomial,80,16777216,0.379305
binary,80,16777216,0.338476
native,80,16777216,0.166376
linear,160,16777216,0.242921
binomial,160,16777216,0.467939
binary,160,16777216,0.514007
native,160,16777216,0.178712
linear,320,16777216,0.350894
binomial,320,16777216,0.625690
binary,320,16777216,0.850234
native,320,16777216,0.348609
linear,500,16777216,0.442996
binomial,500,16777216,0.671224
binary,500,16777216,1.065902
native,500,16777216,0.261699
linear,576,16777216,0.515572
binomial,576,16777216,0.762080
binary,576,16777216,1.248365
native,576,16777216,0.272212
linear,20,40000000,0.257318
binomial,20,40000000,0.484475
binary,20,40000000,0.407695
native,20,40000000,0.103675
linear,80,40000000,0.351673
binomial,80,40000000,0.733543
binary,80,40000000,0.731984
native,80,40000000,0.346098
linear,160,40000000,0.433381
binomial,160,40000000,0.938120
binary,160,40000000,1.148981
native,160,40000000,0.438531
linear,320,40000000,0.579704
binomial,320,40000000,1.137434
binary,320,40000000,2.147451
native,320,40000000,0.806404
linear,500,40000000,0.781403
binomial,500,40000000,1.453335
binary,500,40000000,2.525724
native,500,40000000,0.580763
linear,576,40000000,0.749389
binomial,576,40000000,1.595521
binary,576,40000000,2.822281
native,576,40000000,0.601980
linear,20,67108864,0.414419
binomial,20,67108864,0.808981
binary,20,67108864,0.684681
native,20,67108864,0.167470
linear,80,67108864,0.603310
binomial,80,67108864,1.208752
binary,80,67108864,1.250306
native,80,67108864,0.622746
linear,160,67108864,0.778562
binomial,160,67108864,1.649992
binary,160,67108864,1.906236
native,160,67108864,0.768998
linear,320,67108864,1.034785
binomial,320,67108864,2.084490
binary,320,67108864,3.960265
native,320,67108864,0.841350
linear,500,67108864,1.182766
binomial,500,67108864,2.380995
binary,500,67108864,4.292588
native,500,67108864,0.993235
linear,576,67108864,1.102756
binomial,576,67108864,2.542467
binary,576,67108864,4.907216
native,576,67108864,1.169475
linear,20,111111111,0.688383
binomial,20,111111111,1.309779
binary,20,111111111,1.123818
native,20,111111111,0.255940
linear,80,111111111,0.987125
binomial,80,111111111,1.840053
binary,80,111111111,1.980788
native,80,111111111,1.143983
linear,160,111111111,1.182790
binomial,160,111111111,2.140454
binary,160,111111111,3.221846
native,160,111111111,1.197537
linear,320,111111111,1.875701
binomial,320,111111111,3.075738
binary,320,111111111,8.107054
native,320,111111111,1.510258
linear,500,111111111,1.841308
binomial,500,111111111,3.836603
binary,500,111111111,7.635961
native,500,111111111,1.714810
linear,576,111111111,1.916055
binomial,576,111111111,3.933322
binary,576,111111111,8.236104
native,576,111111111,1.714626
linear,20,268435456,1.538313
binomial,20,268435456,2.472787
binary,20,268435456,1.863295
native,20,268435456,0.481987
linear,80,268435456,2.301160
binomial,80,268435456,4.867868
binary,80,268435456,5.764532
native,80,268435456,2.710108
linear,160,268435456,3.123281
binomial,160,268435456,6.056078
binary,160,268435456,7.828733
native,160,268435456,3.186419
linear,320,268435456,3.787992
binomial,320,268435456,6.705936
binary,320,268435456,16.092974
native,320,268435456,3.408422
linear,500,268435456,3.750418
binomial,500,268435456,7.845367
binary,500,268435456,17.870158
native,500,268435456,3.840232
linear,576,268435456,3.822296
binomial,576,268435456,9.102245
binary,576,268435456,20.036016
native,576,268435456,4.887338
linear,20,1000000,0.049694
binomial,20,1000000,0.048269
binary,20,1000000,0.011404
native,20,1000000,0.021731
linear,80,1000000,0.067793
binomial,80,1000000,0.082486
binary,80,1000000,0.039179
native,80,1000000,0.013404
linear,160,1000000,0.108776
binomial,160,1000000,0.125198
binary,160,1000000,0.056788
native,160,1000000,0.025610
linear,320,1000000,0.156799
binomial,320,1000000,0.188250
binary,320,1000000,0.092355
native,320,1000000,0.142249
linear,500,1000000,0.246089
binomial,500,1000000,0.274508
binary,500,1000000,0.097578
native,500,1000000,0.156681
linear,576,1000000,0.266517
binomial,576,1000000,0.242997
binary,576,1000000,0.114578
native,576,1000000,0.084737
linear,20,1048576,0.049875
binomial,20,1048576,0.051744
binary,20,1048576,0.013880
native,20,1048576,0.022176
linear,80,1048576,0.074563
binomial,80,1048576,0.092868
binary,80,1048576,0.040637
native,80,1048576,0.017143
linear,160,1048576,0.107157
binomial,160,1048576,0.128569
binary,160,1048576,0.059537
native,160,1048576,0.023221
linear,320,1048576,0.195743
binomial,320,1048576,0.231056
binary,320,1048576,0.074882
native,320,1048576,0.031087
linear,500,1048576,0.241395
binomial,500,1048576,0.262288
binary,500,1048576,0.099616
native,500,1048576,0.049286
linear,576,1048576,0.286813
binomial,576,1048576,0.320898
binary,576,1048576,0.121979
native,576,1048576,0.067514
linear,20,4000000,0.059803
binomial,20,4000000,0.051563
binary,20,4000000,0.031221
native,20,4000000,0.031493
linear,80,4000000,0.092041
binomial,80,4000000,0.129966
binary,80,4000000,0.092318
native,80,4000000,0.034378
linear,160,4000000,0.144855
binomial,160,4000000,0.207798
binary,160,4000000,0.140729
native,160,4000000,0.050398
linear,320,4000000,0.228014
binomial,320,4000000,0.300447
binary,320,4000000,0.227234
native,320,4000000,0.100783
linear,500,4000000,0.267501
binomial,500,4000000,0.353331
binary,500,4000000,0.293420
native,500,4000000,0.077128
linear,576,4000000,0.287969
binomial,576,4000000,0.371819
binary,576,4000000,0.313218
native,576,4000000,0.093739
linear,20,4194304,0.060230
binomial,20,4194304,0.059428
binary,20,4194304,0.034988
native,20,4194304,0.027202
linear,80,4194304,0.089968
binomial,80,4194304,0.128933
binary,80,4194304,0.101220
native,80,4194304,0.037832
linear,160,4194304,0.130285
binomial,160,4194304,0.193341
binary,160,4194304,0.162381
native,160,4194304,0.052902
linear,320,4194304,0.197958
binomial,320,4194304,0.281811
binary,320,4194304,0.208058
native,320,4194304,0.073725
linear,500,4194304,0.258124
binomial,500,4194304,0.340507
binary,500,4194304,0.287338
native,500,4194304,0.094632
linear,576,4194304,0.288542
binomial,576,4194304,0.381669
binary,576,4194304,0.334076
native,576,4194304,0.099468
linear,20,5000000,0.065153
binomial,20,5000000,0.065368
binary,20,5000000,0.040386
native,20,5000000,0.032237
linear,80,5000000,0.099100
binomial,80,5000000,0.153182
binary,80,5000000,0.108987
native,80,5000000,0.044847
linear,160,5000000,0.145989
binomial,160,5000000,0.216316
binary,160,5000000,0.165659
native,160,5000000,0.060581
linear,320,5000000,0.211241
binomial,320,5000000,0.307946
binary,320,5000000,0.275803
native,320,5000000,0.107259
linear,500,5000000,0.284755
binomial,500,5000000,0.364758
binary,500,5000000,0.344407
native,500,5000000,0.085606
linear,576,5000000,0.302030
binomial,576,5000000,0.360420
binary,576,5000000,0.389596
native,576,5000000,0.122810
linear,20,16777216,0.131145
binomial,20,16777216,0.166685
binary,20,16777216,0.118704
native,20,16777216,0.047953
linear,80,16777216,0.182102
binomial,80,16777216,0.344702
binary,80,16777216,0.320732
native,80,16777216,0.159558
linear,160,16777216,0.247292
binomial,160,16777216,0.412328
binary,160,16777216,0.502475
native,160,16777216,0.178301
linear,320,16777216,0.338130
binomial,320,16777216,0.636899
binary,320,16777216,0.813517
native,320,16777216,0.356755
linear,500,16777216,0.460163
binomial,500,16777216,0.757597
binary,500,16777216,1.111862
native,500,16777216,0.262570
linear,576,16777216,0.493741
binomial,576,16777216,0.800926
binary,576,16777216,1.218879
native,576,16777216,0.261976
linear,20,40000000,0.239744
binomial,20,40000000,0.373074
binary,20,40000000,0.277080
native,20,40000000,0.088349
linear,80,40000000,0.375708
binomial,80,40000000,0.783060
binary,80,40000000,0.781015
native,80,40000000,0.356843
linear,160,40000000,0.436772
binomial,160,40000000,0.917121
binary,160,40000000,1.125831
native,160,40000000,0.380735
linear,320,40000000,0.667872
binomial,320,40000000,1.311564
binary,320,40000000,2.278127
native,320,40000000,0.675796
linear,500,40000000,0.731230
binomial,500,40000000,1.453654
binary,500,40000000,2.525825
native,500,40000000,0.579708
linear,576,40000000,0.766684
binomial,576,40000000,1.596452
binary,576,40000000,2.884634
native,576,40000000,0.888727
linear,20,67108864,0.386700
binomial,20,67108864,0.623532
binary,20,67108864,0.466090
native,20,67108864,0.134821
linear,80,67108864,0.549808
binomial,80,67108864,1.169179
binary,80,67108864,1.209655
native,80,67108864,0.633640
linear,160,67108864,0.661941
binomial,160,67108864,1.567209
binary,160,67108864,1.982350
native,160,67108864,0.742414
linear,320,67108864,1.054059
binomial,320,67108864,2.053910
binary,320,67108864,3.688585
native,320,67108864,0.929503
linear,500,67108864,1.110881
binomial,500,67108864,2.324727
binary,500,67108864,4.466522
native,500,67108864,0.909261
linear,576,67108864,1.542263
binomial,576,67108864,2.381121
binary,576,67108864,4.855591
native,576,67108864,1.011751
linear,20,111111111,0.638967
binomial,20,111111111,1.003549
binary,20,111111111,0.763194
native,20,111111111,0.210618
linear,80,111111111,0.937652
binomial,80,111111111,1.871570
binary,80,111111111,2.119710
native,80,111111111,1.025897
linear,160,111111111,1.192164
binomial,160,111111111,2.262944
binary,160,111111111,3.113126
native,160,111111111,1.270533
linear,320,111111111,1.866513
binomial,320,111111111,2.781724
binary,320,111111111,7.191526
native,320,111111111,1.555538
linear,500,111111111,1.773357
binomial,500,111111111,3.403515
binary,500,111111111,8.540881
native,500,111111111,1.742427
linear,576,111111111,1.729626
binomial,576,111111111,3.785230
binary,576,111111111,8.292938
native,576,111111111,1.882923
linear,20,268435456,1.551156
binomial,20,268435456,2.464827
binary,20,268435456,1.863253
native,20,268435456,0.481155
linear,80,268435456,2.216493
binomial,80,268435456,5.059715
binary,80,268435456,5.755830
native,80,268435456,2.686407
linear,160,268435456,2.677326
binomial,160,268435456,5.284564
binary,160,268435456,7.402449
native,160,268435456,3.087905
linear,320,268435456,3.434533
binomial,320,268435456,7.736172
binary,320,268435456,18.439621
native,320,268435456,3.312189
linear,500,268435456,3.816460
binomial,500,268435456,7.803962
binary,500,268435456,20.010038
native,500,268435456,3.954783
linear,576,268435456,4.176171
binomial,576,268435456,9.341103
binary,576,268435456,20.784885
native,576,268435456,5.078078
linear,20,1000000,0.050789
binomial,20,1000000,0.049126
binary,20,1000000,0.011678
native,20,1000000,0.023530
linear,80,1000000,0.073183
binomial,80,1000000,0.091718
binary,80,1000000,0.038573
native,80,1000000,0.015632
linear,160,1000000,0.107423
binomial,160,1000000,0.128039
binary,160,1000000,0.060598
native,160,1000000,0.029719
linear,320,1000000,0.169378
binomial,320,1000000,0.197649
binary,320,1000000,0.075058
native,320,1000000,0.030185
linear,500,1000000,0.216660
binomial,500,1000000,0.246185
binary,500,1000000,0.097689
native,500,1000000,0.048502
linear,576,1000000,0.264259
binomial,576,1000000,0.262238
binary,576,1000000,0.109093
native,576,1000000,0.157727
linear,20,1048576,0.049935
binomial,20,1048576,0.048957
binary,20,1048576,0.011639
native,20,1048576,0.022604
linear,80,1048576,0.071604
binomial,80,1048576,0.088688
binary,80,1048576,0.040259
native,80,1048576,0.018853
linear,160,1048576,0.102633
binomial,160,1048576,0.125744
binary,160,1048576,0.088693
native,160,1048576,0.048326
linear,320,1048576,0.166931
binomial,320,1048576,0.211188
binary,320,1048576,0.084438
native,320,1048576,0.034159
linear,500,1048576,0.224973
binomial,500,1048576,0.254651
binary,500,1048576,0.105230
native,500,1048576,0.046920
linear,576,1048576,0.250753
binomial,576,1048576,0.283111
binary,576,1048576,0.114969
native,576,1048576,0.061568
linear,20,4000000,0.059932
binomial,20,4000000,0.051388
binary,20,4000000,0.030972
native,20,4000000,0.033906
linear,80,4000000,0.092081
binomial,80,4000000,0.128643
binary,80,4000000,0.087047
native,80,4000000,0.034761
linear,160,4000000,0.132183
binomial,160,4000000,0.189637
binary,160,4000000,0.163758
native,160,4000000,0.051692
linear,320,4000000,0.252699
binomial,320,4000000,0.344638
binary,320,4000000,0.228410
native,320,4000000,0.105639
linear,500,4000000,0.252869
binomial,500,4000000,0.335201
binary,500,4000000,0.285108
native,500,4000000,0.092979
linear,576,4000000,0.307058
binomial,576,4000000,0.363668
binary,576,4000000,0.311849
native,576,4000000,0.100303
linear,20,4194304,0.059732
binomial,20,4194304,0.059520
binary,20,4194304,0.034895
native,20,4194304,0.026070
linear,80,4194304,0.090414
binomial,80,4194304,0.128130
binary,80,4194304,0.099973
native,80,4194304,0.040858
linear,160,4194304,0.129646
binomial,160,4194304,0.185308
binary,160,4194304,0.158283
native,160,4194304,0.051591
linear,320,4194304,0.194723
binomial,320,4194304,0.278653
binary,320,4194304,0.213942
native,320,4194304,0.348240
linear,500,4194304,0.263978
binomial,500,4194304,0.347812
binary,500,4194304,0.290958
native,500,4194304,0.090789
linear,576,4194304,0.294800
binomial,576,4194304,0.380245
binary,576,4194304,0.332800
native,576,4194304,0.109288
linear,20,5000000,0.065046
binomial,20,5000000,0.064940
binary,20,5000000,0.040359
native,20,5000000,0.030200
linear,80,5000000,0.096687
binomial,80,5000000,0.150777
binary,80,5000000,0.107564
native,80,5000000,0.046290
linear,160,5000000,0.144632
binomial,160,5000000,0.199716
binary,160,5000000,0.267861
native,160,5000000,0.059208
linear,320,5000000,0.298432
binomial,320,5000000,0.381734
binary,320,5000000,0.241434
native,320,5000000,0.254465
linear,500,5000000,0.311338
binomial,500,5000000,0.359110
binary,500,5000000,0.356537
native,500,5000000,0.096618
linear,576,5000000,0.311116
binomial,576,5000000,0.389257
binary,576,5000000,0.393252
native,576,5000000,0.115665
linear,20,16777216,0.130111
binomial,20,16777216,0.166837
binary,20,16777216,0.119111
native,20,16777216,0.049314
linear,80,16777216,0.182623
binomial,80,16777216,0.323736
binary,80,16777216,0.308359
native,80,16777216,0.154696
linear,160,16777216,0.248739
binomial,160,16777216,0.439638
binary,160,16777216,0.473419
native,160,16777216,0.173859
linear,320,16777216,0.389903
binomial,320,16777216,0.692413
binary,320,16777216,0.835883
native,320,16777216,1.234996
linear,500,16777216,0.421918
binomial,500,16777216,0.711683
binary,500,16777216,1.109796
native,500,16777216,0.263971
linear,576,16777216,0.484612
binomial,576,16777216,0.762111
binary,576,16777216,1.230779
native,576,16777216,0.279478
linear,20,40000000,0.244768
binomial,20,40000000,0.374024
binary,20,40000000,0.277548
native,20,40000000,0.085126
linear,80,40000000,0.439395
binomial,80,40000000,0.771091
binary,80,40000000,0.778911
native,80,40000000,0.362736
linear,160,40000000,0.503876
binomial,160,40000000,1.033402
binary,160,40000000,1.140673
native,160,40000000,0.424776
linear,320,40000000,0.613323
binomial,320,40000000,1.191762
binary,320,40000000,2.143505
native,320,40000000,0.598216
linear,500,40000000,0.737726
binomial,500,40000000,1.320525
binary,500,40000000,2.588521
native,500,40000000,0.522045
linear,576,40000000,0.760797
binomial,576,40000000,1.645099
binary,576,40000000,2.891099
native,576,40000000,0.647711
linear,20,67108864,0.414539
binomial,20,67108864,0.808704
binary,20,67108864,0.684023
native,20,67108864,0.167046
linear,80,67108864,0.551226
binomial,80,67108864,1.277445
binary,80,67108864,1.277917
native,80,67108864,0.680140
linear,160,67108864,0.689647
binomial,160,67108864,1.524979
binary,160,67108864,1.926305
native,160,67108864,0.696544
linear,320,67108864,0.964048
binomial,320,67108864,1.729532
binary,320,67108864,3.419302
native,320,67108864,1.149232
linear,500,67108864,1.055789
binomial,500,67108864,1.959549
binary,500,67108864,4.071653
native,500,67108864,0.915588
linear,576,67108864,1.120849
binomial,576,67108864,2.600089
binary,576,67108864,5.146534
native,576,67108864,1.044756
linear,20,111111111,0.643886
binomial,20,111111111,1.004613
binary,20,111111111,0.763006
native,20,111111111,0.211014
linear,80,111111111,0.910958
binomial,80,111111111,1.834914
binary,80,111111111,2.009686
native,80,111111111,1.013760
linear,160,111111111,1.149095
binomial,160,111111111,2.691664
binary,160,111111111,3.488172
native,160,111111111,1.450500
linear,320,111111111,1.588233
binomial,320,111111111,3.152275
binary,320,111111111,6.774149
native,320,111111111,1.511245
linear,500,111111111,1.708531
binomial,500,111111111,3.443608
binary,500,111111111,7.506511
native,500,111111111,1.531085
linear,576,111111111,1.833036
binomial,576,111111111,3.698243
binary,576,111111111,8.401645
native,576,111111111,1.701714
linear,20,268435456,1.530785
binomial,20,268435456,2.439295
binary,20,268435456,1.838214
native,20,268435456,0.483165
linear,80,268435456,2.323937
binomial,80,268435456,4.750495
binary,80,268435456,5.433402
native,80,268435456,2.572711
linear,160,268435456,2.742232
binomial,160,268435456,5.262179
binary,160,268435456,7.460957
native,160,268435456,3.149731
linear,320,268435456,3.343802
binomial,320,268435456,6.843024
binary,320,268435456,18.273345
native,320,268435456,3.916394
linear,500,268435456,3.926021
binomial,500,268435456,8.503831
binary,500,268435456,18.473970
native,500,268435456,3.924180
linear,576,268435456,3.985026
binomial,576,268435456,9.385485
binary,576,268435456,20.978469
native,576,268435456,4.688293
linear,20,1000000,0.049937
binomial,20,1000000,0.048224
binary,20,1000000,0.011501
native,20,1000000,0.020430
linear,80,1000000,0.068679
binomial,80,1000000,0.086451
binary,80,1000000,0.038119
native,80,1000000,0.013316
linear,160,1000000,0.109000
binomial,160,1000000,0.127158
binary,160,1000000,0.065656
native,160,1000000,0.034591
linear,320,1000000,0.166251
binomial,320,1000000,0.195990
binary,320,1000000,0.078666
native,320,1000000,0.034496
linear,500,1000000,0.230444
binomial,500,1000000,0.258313
binary,500,1000000,0.109449
native,500,1000000,0.068739
linear,576,1000000,0.242604
binomial,576,1000000,0.270091
binary,576,1000000,0.117315
native,576,1000000,0.058400
linear,20,1048576,0.050054
binomial,20,1048576,0.049254
binary,20,1048576,0.011873
native,20,1048576,0.019904
linear,80,1048576,0.070081
binomial,80,1048576,0.085057
binary,80,1048576,0.036747
native,80,1048576,0.015060
linear,160,1048576,0.105148
binomial,160,1048576,0.124385
binary,160,1048576,0.066551
native,160,1048576,0.065381
linear,320,1048576,0.164030
binomial,320,1048576,0.201386
binary,320,1048576,0.081610
native,320,1048576,0.054581
linear,500,1048576,0.233395
binomial,500,1048576,0.261461
binary,500,1048576,0.100922
native,500,1048576,0.050087
linear,576,1048576,0.268007
binomial,576,1048576,0.297515
binary,576,1048576,0.107262
native,576,1048576,0.097778
linear,20,4000000,0.060348
binomial,20,4000000,0.061374
binary,20,4000000,0.042334
native,20,4000000,0.033137
linear,80,4000000,0.096397
binomial,80,4000000,0.132694
binary,80,4000000,0.089036
native,80,4000000,0.032055
linear,160,4000000,0.127845
binomial,160,4000000,0.173317
binary,160,4000000,0.146146
native,160,4000000,0.048398
linear,320,4000000,0.190064
binomial,320,4000000,0.280022
binary,320,4000000,0.224392
native,320,4000000,0.147574
linear,500,4000000,0.277446
binomial,500,4000000,0.350875
binary,500,4000000,0.281305
native,500,4000000,0.092137
linear,576,4000000,0.296815
binomial,576,4000000,0.383501
binary,576,4000000,0.314579
native,576,4000000,0.094129
linear,20,4194304,0.060410
binomial,20,4194304,0.059730
binary,20,4194304,0.034888
native,20,4194304,0.027447
linear,80,4194304,0.096657
binomial,80,4194304,0.132405
binary,80,4194304,0.102033
native,80,4194304,0.038021
linear,160,4194304,0.141787
binomial,160,4194304,0.202547
binary,160,4194304,0.155056
native,160,4194304,0.085078
linear,320,4194304,0.202106
binomial,320,4194304,0.278113
binary,320,4194304,0.317602
native,320,4194304,0.072680
linear,500,4194304,0.260059
binomial,500,4194304,0.343181
binary,500,4194304,0.293006
native,500,4194304,0.091415
linear,576,4194304,0.285533
binomial,576,4194304,0.383591
binary,576,4194304,0.349328
native,576,4194304,0.095906
linear,20,5000000,0.065888
binomial,20,5000000,0.078248
binary,20,5000000,0.055061
native,20,5000000,0.033389
linear,80,5000000,0.098457
binomial,80,5000000,0.140227
binary,80,5000000,0.106571
native,80,5000000,0.043802
linear,160,5000000,0.132315
binomial,160,5000000,0.194745
binary,160,5000000,0.174414
native,160,5000000,0.083994
linear,320,5000000,0.240533
binomial,320,5000000,0.305323
binary,320,5000000,0.238469
native,320,5000000,0.084711
linear,500,5000000,0.285297
binomial,500,5000000,0.380957
binary,500,5000000,0.345753
native,500,5000000,0.093256
linear,576,5000000,0.363457
binomial,576,5000000,0.371457
binary,576,5000000,0.390725
native,576,5000000,0.108803
linear,20,16777216,0.130161
binomial,20,16777216,0.167087
binary,20,16777216,0.119137
native,20,16777216,0.049820
linear,80,16777216,0.191994
binomial,80,16777216,0.361859
binary,80,16777216,0.323638
native,80,16777216,0.163427
linear,160,16777216,0.253528
binomial,160,16777216,0.516468
binary,160,16777216,0.529023
native,160,16777216,0.178541
linear,320,16777216,0.364334
binomial,320,16777216,0.584427
binary,320,16777216,0.757935
native,320,16777216,0.450175
linear,500,16777216,0.446726
binomial,500,16777216,0.672289
binary,500,16777216,1.063843
native,500,16777216,0.253243
linear,576,16777216,0.438752
binomial,576,16777216,0.764640
binary,576,16777216,1.222798
native,576,16777216,0.276892
linear,20,40000000,0.240657
binomial,20,40000000,0.373854
binary,20,40000000,0.277727
native,20,40000000,0.087072
linear,80,40000000,0.384144
binomial,80,40000000,0.773185
binary,80,40000000,0.811216
native,80,40000000,0.371843
linear,160,40000000,0.484774
binomial,160,40000000,0.943153
binary,160,40000000,1.107595
native,160,40000000,0.426681
linear,320,40000000,0.674052
binomial,320,40000000,1.223225
binary,320,40000000,2.087695
native,320,40000000,0.963745
linear,500,40000000,0.742756
binomial,500,40000000,1.403373
binary,500,40000000,2.482620
native,500,40000000,0.571832
linear,576,40000000,0.757895
binomial,576,40000000,1.548740
binary,576,40000000,2.889054
native,576,40000000,0.614107
linear,20,67108864,0.384041
binomial,20,67108864,0.622812
binary,20,67108864,0.467025
native,20,67108864,0.137239
linear,80,67108864,0.574634
binomial,80,67108864,1.239342
binary,80,67108864,1.270604
native,80,67108864,0.620004
linear,160,67108864,0.669030
binomial,160,67108864,1.476242
binary,160,67108864,1.884955
native,160,67108864,0.724666
linear,320,67108864,1.081227
binomial,320,67108864,1.891434
binary,320,67108864,3.626114
native,320,67108864,0.933476
linear,500,67108864,1.129944
binomial,500,67108864,2.432468
binary,500,67108864,4.523102
native,500,67108864,0.982710
linear,576,67108864,1.325027
binomial,576,67108864,2.408201
binary,576,67108864,4.759799
native,576,67108864,1.227598
linear,20,111111111,0.683128
binomial,20,111111111,1.309895
binary,20,111111111,1.125013
native,20,111111111,0.254964
linear,80,111111111,0.996031
binomial,80,111111111,2.073735
binary,80,111111111,2.229381
native,80,111111111,1.114509
linear,160,111111111,1.072070
binomial,160,111111111,2.260079
binary,160,111111111,3.064946
native,160,111111111,1.207271
linear,320,111111111,2.393825
binomial,320,111111111,3.192375
binary,320,111111111,6.767465
native,320,111111111,2.180429
linear,500,111111111,1.697099
binomial,500,111111111,3.587874
binary,500,111111111,7.751932
native,500,111111111,1.587519
linear,576,111111111,1.744198
binomial,576,111111111,3.981349
binary,576,111111111,8.481994
native,576,111111111,1.695656
linear,20,268435456,1.532969
binomial,20,268435456,2.470475
binary,20,268435456,1.866506
native,20,268435456,0.483119
linear,80,268435456,2.416157
binomial,80,268435456,5.011205
binary,80,268435456,5.292020
native,80,268435456,2.709986
linear,160,268435456,2.926736
binomial,160,268435456,5.672573
binary,160,268435456,7.572245
native,160,268435456,3.102475
linear,320,268435456,3.099220
binomial,320,268435456,6.682427
binary,320,268435456,17.754831
native,320,268435456,3.419248
linear,500,268435456,3.922199
binomial,500,268435456,8.175378
binary,500,268435456,20.568203
native,500,268435456,3.959306
linear,576,268435456,3.764311
binomial,576,268435456,8.523380
binary,576,268435456,19.877142
native,576,268435456,4.736940
linear,20,1000000,0.050374
binomial,20,1000000,0.051751
binary,20,1000000,0.013414
native,20,1000000,0.022877
linear,80,1000000,0.071990
binomial,80,1000000,0.087968
binary,80,1000000,0.037315
native,80,1000000,0.015529
linear,160,1000000,0.104952
binomial,160,1000000,0.127105
binary,160,1000000,0.062672
native,160,1000000,0.045951
linear,320,1000000,0.179832
binomial,320,1000000,0.197805
binary,320,1000000,0.080354
native,320,1000000,0.039252
linear,500,1000000,0.225773
binomial,500,1000000,0.255380
binary,500,1000000,0.103844
native,500,1000000,0.141467
linear,576,1000000,0.265203
binomial,576,1000000,0.254014
binary,576,1000000,0.112995
native,576,1000000,0.059380
linear,20,1048576,0.050080
binomial,20,1048576,0.052216
binary,20,1048576,0.014056
native,20,1048576,0.019771
linear,80,1048576,0.067418
binomial,80,1048576,0.085070
binary,80,1048576,0.044465
native,80,1048576,0.018282
linear,160,1048576,0.110650
binomial,160,1048576,0.128176
binary,160,1048576,0.073099
native,160,1048576,0.051474
linear,320,1048576,0.166197
binomial,320,1048576,0.201363
binary,320,1048576,0.080776
native,320,1048576,0.039827
linear,500,1048576,0.229831
binomial,500,1048576,0.261369
binary,500,1048576,0.101347
native,500,1048576,0.049770
linear,576,1048576,0.324570
binomial,576,1048576,0.220523
binary,576,1048576,0.113465
native,576,1048576,0.052494
linear,20,4000000,0.059925
binomial,20,4000000,0.051600
binary,20,4000000,0.031109
native,20,4000000,0.032779
linear,80,4000000,0.091912
binomial,80,4000000,0.128049
binary,80,4000000,0.083642
native,80,4000000,0.032673
linear,160,4000000,0.137498
binomial,160,4000000,0.201723
binary,160,4000000,0.174608
native,160,4000000,0.050916
linear,320,4000000,0.207198
binomial,320,4000000,0.265685
binary,320,4000000,0.227149
native,320,4000000,0.079989
linear,500,4000000,0.285284
binomial,500,4000000,0.347534
binary,500,4000000,0.283739
native,500,4000000,0.078973
linear,576,4000000,0.287964
binomial,576,4000000,0.335207
binary,576,4000000,0.319807
native,576,4000000,0.088119
linear,20,4194304,0.060220
binomial,20,4194304,0.059579
binary,20,4194304,0.034798
native,20,4194304,0.025330
linear,80,4194304,0.091977
binomial,80,4194304,0.127931
binary,80,4194304,0.095115
native,80,4194304,0.040717
linear,160,4194304,0.138797
binomial,160,4194304,0.193285
binary,160,4194304,0.145464
native,160,4194304,0.053749
linear,320,4194304,0.208279
binomial,320,4194304,0.277858
binary,320,4194304,0.204104
native,320,4194304,0.069705
linear,500,4194304,0.257366
binomial,500,4194304,0.344088
binary,500,4194304,0.301151
native,500,4194304,0.105547
linear,576,4194304,0.287741
binomial,576,4194304,0.392835
binary,576,4194304,0.329928
native,576,4194304,0.100273
linear,20,5000000,0.064564
binomial,20,5000000,0.065200
binary,20,5000000,0.040503
native,20,5000000,0.030193
linear,80,5000000,0.099640
binomial,80,5000000,0.145020
binary,80,5000000,0.107686
native,80,5000000,0.043907
linear,160,5000000,0.142740
binomial,160,5000000,0.194950
binary,160,5000000,0.159665
native,160,5000000,0.059745
linear,320,5000000,0.211810
binomial,320,5000000,0.299367
binary,320,5000000,0.264380
native,320,5000000,0.285979
linear,500,5000000,0.275979
binomial,500,5000000,0.376542
binary,500,5000000,0.338160
native,500,5000000,0.092171
linear,576,5000000,0.294605
binomial,576,5000000,0.398699
binary,576,5000000,0.391835
native,576,5000000,0.112752
linear,20,16777216,0.136718
binomial,20,16777216,0.212929
binary,20,16777216,0.172788
native,20,16777216,0.054213
linear,80,16777216,0.177283
binomial,80,16777216,0.319564
binary,80,16777216,0.332072
native,80,16777216,0.160336
linear,160,16777216,0.241575
binomial,160,16777216,0.442684
binary,160,16777216,0.506607
native,160,16777216,0.197739
linear,320,16777216,0.364907
binomial,320,16777216,0.620599
binary,320,16777216,0.899970
native,320,16777216,0.480542
linear,500,16777216,0.429954
binomial,500,16777216,0.674782
binary,500,16777216,1.090143
native,500,16777216,0.254354
linear,576,16777216,0.444443
binomial,576,16777216,0.774436
binary,576,16777216,1.214735
native,576,16777216,0.268498
linear,20,40000000,0.241178
binomial,20,40000000,0.373685
binary,20,40000000,0.277386
native,20,40000000,0.087544
linear,80,40000000,0.353966
binomial,80,40000000,0.774668
binary,80,40000000,0.751025
native,80,40000000,0.345626
linear,160,40000000,0.450575
binomial,160,40000000,0.905996
binary,160,40000000,1.157236
native,160,40000000,0.388045
linear,320,40000000,0.760130
binomial,320,40000000,1.368337
binary,320,40000000,1.989232
native,320,40000000,0.654064
linear,500,40000000,0.770374
binomial,500,40000000,1.393676
binary,500,40000000,2.604510
native,500,40000000,0.511530
linear,576,40000000,0.766837
binomial,576,40000000,1.494199
binary,576,40000000,2.833362
native,576,40000000,1.355286
linear,20,67108864,0.415802
binomial,20,67108864,0.811499
binary,20,67108864,0.687177
native,20,67108864,0.171308
linear,80,67108864,0.554379
binomial,80,67108864,1.138119
binary,80,67108864,1.168256
native,80,67108864,0.635814
linear,160,67108864,0.680102
binomial,160,67108864,1.564969
binary,160,67108864,1.952133
native,160,67108864,0.771837
linear,320,67108864,0.980517
binomial,320,67108864,2.106115
binary,320,67108864,4.157820
native,320,67108864,0.990583
linear,500,67108864,1.057779
binomial,500,67108864,2.113171
binary,500,67108864,4.250707
native,500,67108864,0.886274
linear,576,67108864,1.112136
binomial,576,67108864,2.659608
binary,576,67108864,5.028308
native,576,67108864,1.008220
linear,20,111111111,0.630971
binomial,20,111111111,1.002979
binary,20,111111111,0.762284
native,20,111111111,0.211525
linear,80,111111111,0.914141
binomial,80,111111111,1.816187
binary,80,111111111,2.205424
native,80,111111111,1.026580
linear,160,111111111,1.121652
binomial,160,111111111,2.542117
binary,160,111111111,3.274504
native,160,111111111,1.291814
linear,320,111111111,1.898412
binomial,320,111111111,3.187010
binary,320,111111111,6.494766
native,320,111111111,1.730554
linear,500,111111111,1.826934
binomial,500,111111111,3.651926
binary,500,111111111,7.366481
native,500,111111111,1.574245
linear,576,111111111,1.674443
binomial,576,111111111,3.675437
binary,576,111111111,8.202183
native,576,111111111,1.728236
linear,20,268435456,1.539530
binomial,20,268435456,2.469159
binary,20,268435456,1.858455
native,20,268435456,0.480535
linear,80,268435456,2.317483
binomial,80,268435456,4.441585
binary,80,268435456,5.358651
native,80,268435456,2.556203
linear,160,268435456,2.606279
binomial,160,268435456,5.505609
binary,160,268435456,7.443767
native,160,268435456,3.080643
linear,320,268435456,3.207353
binomial,320,268435456,7.208113
binary,320,268435456,17.120536
native,320,268435456,3.511005
linear,500,268435456,3.680114
binomial,500,268435456,7.369116
binary,500,268435456,18.117686
native,500,268435456,4.489528
linear,576,268435456,3.870773
binomial,576,268435456,9.102681
binary,576,268435456,20.661283
native,576,268435456,4.288420
linear,20,1000000,0.049989
binomial,20,1000000,0.051458
binary,20,1000000,0.013749
native,20,1000000,0.024177
linear,80,1000000,0.068264
binomial,80,1000000,0.086363
binary,80,1000000,0.041521
native,80,1000000,0.013615
linear,160,1000000,0.106218
binomial,160,1000000,0.125961
binary,160,1000000,0.079201
native,160,1000000,0.242099
linear,320,1000000,0.168049
binomial,320,1000000,0.195396
binary,320,1000000,0.119403
native,320,1000000,0.048489
linear,500,1000000,0.288101
binomial,500,1000000,0.260602
binary,500,1000000,0.097447
native,500,1000000,0.065665
linear,576,1000000,0.243395
binomial,576,1000000,0.279218
binary,576,1000000,0.120391
native,576,1000000,0.110319
linear,20,1048576,0.050273
binomial,20,1048576,0.052554
binary,20,1048576,0.013975
native,20,1048576,0.023583
linear,80,1048576,0.068483
binomial,80,1048576,0.086420
binary,80,1048576,0.035607
native,80,1048576,0.017368
linear,160,1048576,0.113614
binomial,160,1048576,0.126469
binary,160,1048576,0.073517
native,160,1048576,0.265028
linear,320,1048576,0.189944
binomial,320,1048576,0.212973
binary,320,1048576,0.103437
native,320,1048576,0.172292
linear,500,1048576,0.240518
binomial,500,1048576,0.202495
binary,500,1048576,0.099987
native,500,1048576,0.050696
linear,576,1048576,0.261032
binomial,576,1048576,0.295067
binary,576,1048576,0.114309
native,576,1048576,0.151066
linear,20,4000000,0.060259
binomial,20,4000000,0.061482
binary,20,4000000,0.042630
native,20,4000000,0.033892
linear,80,4000000,0.090894
binomial,80,4000000,0.129153
binary,80,4000000,0.091649
native,80,4000000,0.035080
linear,160,4000000,0.129331
binomial,160,4000000,0.192883
binary,160,4000000,0.144200
native,160,4000000,0.063831
linear,320,4000000,0.199170
binomial,320,4000000,0.268351
binary,320,4000000,0.201940
native,320,4000000,0.291394
linear,500,4000000,0.267828
binomial,500,4000000,0.309969
binary,500,4000000,0.274481
native,500,4000000,0.097983
linear,576,4000000,0.287759
binomial,576,4000000,0.362001
binary,576,4000000,0.313758
native,576,4000000,0.104627
linear,20,4194304,0.060686
binomial,20,4194304,0.069838
binary,20,4194304,0.046792
native,20,4194304,0.026992
linear,80,4194304,0.093498
binomial,80,4194304,0.140003
binary,80,4194304,0.090769
native,80,4194304,0.039348
linear,160,4194304,0.135468
binomial,160,4194304,0.194475
binary,160,4194304,0.150500
native,160,4194304,0.053260
linear,320,4194304,0.218777
binomial,320,4194304,0.287972
binary,320,4194304,0.209478
native,320,4194304,0.231419
linear,500,4194304,0.260928
binomial,500,4194304,0.349846
binary,500,4194304,0.302742
native,500,4194304,0.093387
linear,576,4194304,0.300714
binomial,576,4194304,0.373714
binary,576,4194304,0.328278
native,576,4194304,0.095758
linear,20,5000000,0.064873
binomial,20,5000000,0.065533
binary,20,5000000,0.040837
native,20,5000000,0.031910
linear,80,5000000,0.095598
binomial,80,5000000,0.156687
binary,80,5000000,0.114160
native,80,5000000,0.042821
linear,160,5000000,0.140362
binomial,160,5000000,0.205645
binary,160,5000000,0.178864
native,160,5000000,0.058515
linear,320,5000000,0.265094
binomial,320,5000000,0.346765
binary,320,5000000,0.253498
native,320,5000000,0.305203
linear,500,5000000,0.267332
binomial,500,5000000,0.367435
binary,500,5000000,0.345875
native,500,5000000,0.096980
linear,576,5000000,0.288664
binomial,576,5000000,0.404115
binary,576,5000000,0.406185
native,576,5000000,0.138080
linear,20,16777216,0.129232
binomial,20,16777216,0.166464
binary,20,16777216,0.118548
native,20,16777216,0.046971
linear,80,16777216,0.189557
binomial,80,16777216,0.320697
binary,80,16777216,0.325092
native,80,16777216,0.155394
linear,160,16777216,0.246684
binomial,160,16777216,0.421719
binary,160,16777216,0.488305
native,160,16777216,0.181030
linear,320,16777216,0.444082
binomial,320,16777216,0.692556
binary,320,16777216,0.852489
native,320,16777216,0.420914
linear,500,16777216,0.456878
binomial,500,16777216,0.692217
binary,500,16777216,1.062790
native,500,16777216,0.262557
linear,576,16777216,0.631431
binomial,576,16777216,0.683327
binary,576,16777216,1.184042
native,576,16777216,0.299938
linear,20,40000000,0.259273
binomial,20,40000000,0.484129
binary,20,40000000,0.407555
native,20,40000000,0.104971
linear,80,40000000,0.374208
binomial,80,40000000,0.777711
binary,80,40000000,0.796564
native,80,40000000,0.355607
linear,160,40000000,0.488081
binomial,160,40000000,0.995952
binary,160,40000000,1.223353
native,160,40000000,0.423148
linear,320,40000000,0.610447
binomial,320,40000000,1.157547
binary,320,40000000,1.950424
native,320,40000000,0.676371
linear,500,40000000,0.766837
binomial,500,40000000,1.275699
binary,500,40000000,2.456435
native,500,40000000,0.527632
linear,576,40000000,0.739639
binomial,576,40000000,1.532795
binary,576,40000000,2.861085
native,576,40000000,1.000656
linear,20,67108864,0.386272
binomial,20,67108864,0.621957
binary,20,67108864,0.465013
native,20,67108864,0.139177
linear,80,67108864,0.599011
binomial,80,67108864,1.114606
binary,80,67108864,1.133312
native,80,67108864,0.600019
linear,160,67108864,0.741670
binomial,160,67108864,1.581579
binary,160,67108864,2.015193
native,160,67108864,0.776774
linear,320,67108864,1.112217
binomial,320,67108864,1.861991
binary,320,67108864,3.648845
native,320,67108864,1.128120
linear,500,67108864,1.106455
binomial,500,67108864,2.112790
binary,500,67108864,4.218287
native,500,67108864,0.954687
linear,576,67108864,1.030406
binomial,576,67108864,2.339336
binary,576,67108864,4.750012
native,576,67108864,1.097251
linear,20,111111111,0.625899
binomial,20,111111111,1.001834
binary,20,111111111,0.762722
native,20,111111111,0.209636
linear,80,111111111,1.013658
binomial,80,111111111,1.864965
binary,80,111111111,2.194524
native,80,111111111,1.066828
linear,160,111111111,1.033425
binomial,160,111111111,2.358531
binary,160,111111111,3.183531
native,160,111111111,1.287543
linear,320,111111111,1.559460
binomial,320,111111111,3.257710
binary,320,111111111,7.347438
native,320,111111111,1.808235
linear,500,111111111,1.735540
binomial,500,111111111,3.880948
binary,500,111111111,7.827554
native,500,111111111,1.576416
linear,576,111111111,2.062829
binomial,576,111111111,3.732722
binary,576,111111111,8.108676
native,576,111111111,1.511367
linear,20,268435456,1.535508
binomial,20,268435456,2.464873
binary,20,268435456,1.858288
native,20,268435456,0.481580
linear,80,268435456,2.276848
binomial,80,268435456,4.958752
binary,80,268435456,5.490212
native,80,268435456,2.651265
linear,160,268435456,2.917570
binomial,160,268435456,6.177145
binary,160,268435456,8.326091
native,160,268435456,3.104913
linear,320,268435456,3.261046
binomial,320,268435456,8.788699
binary,320,268435456,19.421030
native,320,268435456,3.508719
linear,500,268435456,4.212103
binomial,500,268435456,7.318736
binary,500,268435456,18.698751
native,500,268435456,3.793621
linear,576,268435456,4.331094
binomial,576,268435456,9.212442
binary,576,268435456,20.462911
native,576,268435456,3.980304
linear,20,1000000,0.050317
binomial,20,1000000,0.049121
binary,20,1000000,0.011613
native,20,1000000,0.021269
linear,80,1000000,0.068800
binomial,80,1000000,0.085415
binary,80,1000000,0.038441
native,80,1000000,0.014589
linear,160,1000000,0.103171
binomial,160,1000000,0.126616
binary,160,1000000,0.066158
native,160,1000000,0.097749
linear,320,1000000,0.166362
binomial,320,1000000,0.196465
binary,320,1000000,0.204846
native,320,1000000,0.152673
linear,500,1000000,0.240339
binomial,500,1000000,0.251675
binary,500,1000000,0.097508
native,500,1000000,0.047552
linear,576,1000000,0.249722
binomial,576,1000000,0.306629
binary,576,1000000,0.140139
native,576,1000000,0.135989
linear,20,1048576,0.049592
binomial,20,1048576,0.049069
binary,20,1048576,0.011909
native,20,1048576,0.021153
linear,80,1048576,0.067481
binomial,80,1048576,0.085679
binary,80,1048576,0.036245
native,80,1048576,0.016743
linear,160,1048576,0.110211
binomial,160,1048576,0.129093
binary,160,1048576,0.066238
native,160,1048576,0.035989
linear,320,1048576,0.170923
binomial,320,1048576,0.206041
binary,320,1048576,0.079531
native,320,1048576,0.115571
linear,500,1048576,0.274198
binomial,500,1048576,0.297998
binary,500,1048576,0.100285
native,500,1048576,0.050859
linear,576,1048576,0.241947
binomial,576,1048576,0.274560
binary,576,1048576,0.114809
native,576,1048576,0.058782
linear,20,4000000,0.059723
binomial,20,4000000,0.051543
binary,20,4000000,0.031145
native,20,4000000,0.031890
linear,80,4000000,0.090628
binomial,80,4000000,0.129981
binary,80,4000000,0.093658
native,80,4000000,0.034140
linear,160,4000000,0.130300
binomial,160,4000000,0.187942
binary,160,4000000,0.350965
native,160,4000000,0.048465
linear,320,4000000,0.198531
binomial,320,4000000,0.263585
binary,320,4000000,0.204288
native,320,4000000,0.317753
linear,500,4000000,0.285000
binomial,500,4000000,0.338109
binary,500,4000000,0.278394
native,500,4000000,0.093250
linear,576,4000000,0.314539
binomial,576,4000000,0.356414
binary,576,4000000,0.325162
native,576,4000000,0.139934
linear,20,4194304,0.060318
binomial,20,4194304,0.059767
binary,20,4194304,0.035028
native,20,4194304,0.025224
linear,80,4194304,0.094051
binomial,80,4194304,0.132743
binary,80,4194304,0.094782
native,80,4194304,0.036075
linear,160,4194304,0.128291
binomial,160,4194304,0.185775
binary,160,4194304,0.149020
native,160,4194304,0.169985
linear,320,4194304,0.204679
binomial,320,4194304,0.280091
binary,320,4194304,0.197823
native,320,4194304,0.162368
linear,500,4194304,0.260141
binomial,500,4194304,0.353140
binary,500,4194304,0.292200
native,500,4194304,0.089534
linear,576,4194304,0.303629
binomial,576,4194304,0.397264
binary,576,4194304,0.336340
native,576,4194304,0.090659
linear,20,5000000,0.065132
binomial,20,5000000,0.065622
binary,20,5000000,0.040564
native,20,5000000,0.027334
linear,80,5000000,0.098538
binomial,80,5000000,0.143744
binary,80,5000000,0.113079
native,80,5000000,0.041735
linear,160,5000000,0.148332
binomial,160,5000000,0.214516
binary,160,5000000,0.183642
native,160,5000000,0.063186
linear,320,5000000,0.212860
binomial,320,5000000,0.304094
binary,320,5000000,0.261930
native,320,5000000,0.368284
linear,500,5000000,0.309980
binomial,500,5000000,0.382637
binary,500,5000000,0.352972
native,500,5000000,0.103725
linear,576,5000000,0.292650
binomial,576,5000000,0.394223
binary,576,5000000,0.390561
native,576,5000000,0.127455
linear,20,16777216,0.130115
binomial,20,16777216,0.166875
binary,20,16777216,0.118987
native,20,16777216,0.044865
linear,80,16777216,0.186433
binomial,80,16777216,0.355812
binary,80,16777216,0.336437
native,80,16777216,0.168714
linear,160,16777216,0.245369
binomial,160,16777216,0.450956
binary,160,16777216,0.497019
native,160,16777216,0.172816
linear,320,16777216,0.439339
binomial,320,16777216,0.644895
binary,320,16777216,0.882088
native,320,16777216,1.119102
linear,500,16777216,0.546947
binomial,500,16777216,0.749821
binary,500,16777216,1.080845
native,500,16777216,0.266013
linear,576,16777216,0.478790
binomial,576,16777216,0.810670
binary,576,16777216,1.214080
native,576,16777216,0.299043
linear,20,40000000,0.239985
binomial,20,40000000,0.373719
binary,20,40000000,0.277638
native,20,40000000,0.088192
linear,80,40000000,0.367886
binomial,80,40000000,0.797723
binary,80,40000000,0.753429
native,80,40000000,0.349818
linear,160,40000000,0.444558
binomial,160,40000000,0.962343
binary,160,40000000,1.196705
native,160,40000000,0.389576
linear,320,40000000,0.716891
binomial,320,40000000,1.309104
binary,320,40000000,2.231281
native,320,40000000,0.598126
linear,500,40000000,0.743807
binomial,500,40000000,1.344257
binary,500,40000000,2.567442
native,500,40000000,0.527891
linear,576,40000000,0.760815
binomial,576,40000000,1.678651
binary,576,40000000,3.029569
native,576,40000000,0.652139
linear,20,67108864,0.385722
binomial,20,67108864,0.624404
binary,20,67108864,0.466535
native,20,67108864,0.138426
linear,80,67108864,0.547778
binomial,80,67108864,1.274112
binary,80,67108864,1.284231
native,80,67108864,0.628196
linear,160,67108864,0.724539
binomial,160,67108864,1.436094
binary,160,67108864,1.825093
native,160,67108864,0.704431
linear,320,67108864,1.029512
binomial,320,67108864,1.832582
binary,320,67108864,3.417596
native,320,67108864,1.116711
linear,500,67108864,1.103247
binomial,500,67108864,2.287379
binary,500,67108864,4.280029
native,500,67108864,0.908545
linear,576,67108864,1.040853
binomial,576,67108864,2.396828
binary,576,67108864,4.828075
native,576,67108864,1.046863
linear,20,111111111,0.635238
binomial,20,111111111,1.003412
binary,20,111111111,0.763241
native,20,111111111,0.213706
linear,80,111111111,0.949895
binomial,80,111111111,2.088857
binary,80,111111111,2.179085
native,80,111111111,1.020044
linear,160,111111111,1.081093
binomial,160,111111111,2.277407
binary,160,111111111,2.996941
native,160,111111111,1.203473
linear,320,111111111,1.653500
binomial,320,111111111,3.126934
binary,320,111111111,7.525681
native,320,111111111,1.421977
linear,500,111111111,1.661741
binomial,500,111111111,3.255508
binary,500,111111111,7.257099
native,500,111111111,1.613689
linear,576,111111111,1.726412
binomial,576,111111111,3.825406
binary,576,111111111,8.844829
native,576,111111111,1.782843
linear,20,268435456,1.523144
binomial,20,268435456,2.473842
binary,20,268435456,1.863955
native,20,268435456,0.479832
linear,80,268435456,2.373415
binomial,80,268435456,4.387949
binary,80,268435456,5.090416
native,80,268435456,2.636164
linear,160,268435456,2.717468
binomial,160,268435456,5.551949
binary,160,268435456,7.571111
native,160,268435456,3.208640
linear,320,268435456,2.836544
binomial,320,268435456,7.174276
binary,320,268435456,18.163057
native,320,268435456,3.927803
linear,500,268435456,4.061678
binomial,500,268435456,7.654691
binary,500,268435456,18.555559
native,500,268435456,3.945622
linear,576,268435456,3.928194
binomial,576,268435456,10.713723
binary,576,268435456,22.107245
native,576,268435456,4.632901
linear,20,1000000,0.050267
binomial,20,1000000,0.051123
binary,20,1000000,0.013328
native,20,1000000,0.023946
linear,80,1000000,0.068029
binomial,80,1000000,0.086844
binary,80,1000000,0.040866
native,80,1000000,0.017169
linear,160,1000000,0.104228
binomial,160,1000000,0.124856
binary,160,1000000,0.058079
native,160,1000000,0.024057
linear,320,1000000,0.169745
binomial,320,1000000,0.197446
binary,320,1000000,0.080560
native,320,1000000,0.039598
linear,500,1000000,0.299256
binomial,500,1000000,0.198758
binary,500,1000000,0.098837
native,500,1000000,0.043285
linear,576,1000000,0.246357
binomial,576,1000000,0.275664
binary,576,1000000,0.114570
native,576,1000000,0.099711
linear,20,1048576,0.050637
binomial,20,1048576,0.052487
binary,20,1048576,0.014089
native,20,1048576,0.022223
linear,80,1048576,0.070048
binomial,80,1048576,0.090279
binary,80,1048576,0.040505
native,80,1048576,0.017972
linear,160,1048576,0.103800
binomial,160,1048576,0.122973
binary,160,1048576,0.062003
native,160,1048576,0.027583
linear,320,1048576,0.170429
binomial,320,1048576,0.208232
binary,320,1048576,0.088005
native,320,1048576,0.100865
linear,500,1048576,0.226090
binomial,500,1048576,0.250944
binary,500,1048576,0.102492
native,500,1048576,0.052719
linear,576,1048576,0.248735
binomial,576,1048576,0.280202
binary,576,1048576,0.112835
native,576,1048576,0.095784
linear,20,4000000,0.059277
binomial,20,4000000,0.050828
binary,20,4000000,0.030970
native,20,4000000,0.033999
linear,80,4000000,0.092980
binomial,80,4000000,0.129466
binary,80,4000000,0.087815
native,80,4000000,0.035940
linear,160,4000000,0.144218
binomial,160,4000000,0.202462
binary,160,4000000,0.150758
native,160,4000000,0.049010
linear,320,4000000,0.211668
binomial,320,4000000,0.280157
binary,320,4000000,0.199604
native,320,4000000,0.062180
linear,500,4000000,0.340932
binomial,500,4000000,0.310891
binary,500,4000000,0.296526
native,500,4000000,0.082010
linear,576,4000000,0.285167
binomial,576,4000000,0.361917
binary,576,4000000,0.309709
native,576,4000000,0.102745
linear,20,4194304,0.060784
binomial,20,4194304,0.060015
binary,20,4194304,0.035056
native,20,4194304,0.028606
linear,80,4194304,0.100765
binomial,80,4194304,0.133530
binary,80,4194304,0.095714
native,80,4194304,0.036129
linear,160,4194304,0.141396
binomial,160,4194304,0.197044
binary,160,4194304,0.195891
native,160,4194304,0.064370
linear,320,4194304,0.196089
binomial,320,4194304,0.285671
binary,320,4194304,0.216690
native,320,4194304,0.069631
linear,500,4194304,0.261419
binomial,500,4194304,0.357996
binary,500,4194304,0.292364
native,500,4194304,0.085183
linear,576,4194304,0.302086
binomial,576,4194304,0.382356
binary,576,4194304,0.334552
native,576,4194304,0.102169
linear,20,5000000,0.064612
binomial,20,5000000,0.065174
binary,20,5000000,0.040461
native,20,5000000,0.031153
linear,80,5000000,0.099187
binomial,80,5000000,0.149832
binary,80,5000000,0.106309
native,80,5000000,0.043612
linear,160,5000000,0.139702
binomial,160,5000000,0.218240
binary,160,5000000,0.191809
native,160,5000000,0.058702
linear,320,5000000,0.226317
binomial,320,5000000,0.299126
binary,320,5000000,0.254557
native,320,5000000,0.086655
linear,500,5000000,0.289215
binomial,500,5000000,0.381589
binary,500,5000000,0.347848
native,500,5000000,0.207897
linear,576,5000000,0.291463
binomial,576,5000000,0.398211
binary,576,5000000,0.389640
native,576,5000000,0.120617
linear,20,16777216,0.130018
binomial,20,16777216,0.166796
binary,20,16777216,0.118997
native,20,16777216,0.047176
linear,80,16777216,0.185300
binomial,80,16777216,0.319781
binary,80,16777216,0.325912
native,80,16777216,0.159193
linear,160,16777216,0.233368
binomial,160,16777216,0.421128
binary,160,16777216,0.508795
native,160,16777216,0.179901
linear,320,16777216,0.374042
binomial,320,16777216,0.688103
binary,320,16777216,0.914467
native,320,16777216,0.981165
linear,500,16777216,0.427823
binomial,500,16777216,0.716398
binary,500,16777216,1.070022
native,500,16777216,0.247697
linear,576,16777216,0.443832
binomial,576,16777216,0.779289
binary,576,16777216,1.194058
native,576,16777216,0.274386
linear,20,40000000,0.259143
binomial,20,40000000,0.483872
binary,20,40000000,0.407320
native,20,40000000,0.103473
linear,80,40000000,0.362156
binomial,80,40000000,0.752033
binary,80,40000000,0.799986
native,80,40000000,0.363108
linear,160,40000000,0.479116
binomial,160,40000000,0.983946
binary,160,40000000,1.199221
native,160,40000000,0.392280
linear,320,40000000,0.620305
binomial,320,40000000,1.174433
binary,320,40000000,1.860391
native,320,40000000,0.755673
linear,500,40000000,0.817666
binomial,500,40000000,1.391950
binary,500,40000000,2.569658
native,500,40000000,0.564335
linear,576,40000000,0.793432
binomial,576,40000000,1.583265
binary,576,40000000,3.032861
native,576,40000000,0.588674
linear,20,67108864,0.386872
binomial,20,67108864,0.623083
binary,20,67108864,0.465717
native,20,67108864,0.140647
linear,80,67108864,0.575618
binomial,80,67108864,1.073639
binary,80,67108864,1.197259
native,80,67108864,0.591820
linear,160,67108864,0.699129
binomial,160,67108864,1.581850
binary,160,67108864,2.111094
native,160,67108864,0.724265
linear,320,67108864,0.958907
binomial,320,67108864,2.059407
binary,320,67108864,3.253803
native,320,67108864,0.883529
linear,500,67108864,1.204048
binomial,500,67108864,2.343435
binary,500,67108864,4.289241
native,500,67108864,1.032524
linear,576,67108864,1.116286
binomial,576,67108864,2.583888
binary,576,67108864,5.076045
native,576,67108864,1.041818
linear,20,111111111,0.684012
binomial,20,111111111,1.309672
binary,20,111111111,1.123671
native,20,111111111,0.253769
linear,80,111111111,0.923105
binomial,80,111111111,1.895110
binary,80,111111111,2.031500
native,80,111111111,1.027258
linear,160,111111111,1.427909
binomial,160,111111111,2.449019
binary,160,111111111,3.589134
native,160,111111111,1.239057
linear,320,111111111,2.123783
binomial,320,111111111,3.260553
binary,320,111111111,8.307501
native,320,111111111,1.665220
linear,500,111111111,1.781937
binomial,500,111111111,3.580637
binary,500,111111111,7.512391
native,500,111111111,1.797315
linear,576,111111111,1.629411
binomial,576,111111111,3.565958
binary,576,111111111,8.057519
native,576,111111111,1.791207
linear,20,268435456,1.551300
binomial,20,268435456,2.473252
binary,20,268435456,1.859114
native,20,268435456,0.484765
linear,80,268435456,2.318661
binomial,80,268435456,4.418845
binary,80,268435456,5.696864
native,80,268435456,2.620682
linear,160,268435456,2.647917
binomial,160,268435456,5.296924
binary,160,268435456,7.272715
native,160,268435456,2.773305
linear,320,268435456,3.287017
binomial,320,268435456,7.171707
binary,320,268435456,18.756463
native,320,268435456,4.149120
linear,500,268435456,4.074027
binomial,500,268435456,7.493562
binary,500,268435456,17.692867
native,500,268435456,3.785152
linear,576,268435456,3.876303
binomial,576,268435456,8.803728
binary,576,268435456,20.719838
native,576,268435456,4.069925
